<?xml version="1.0" encoding="UTF-8"?>
<!DOCTYPE suite SYSTEM "http://testng.org/testng-1.0.dtd">
<suite thread-count="2" name="Suite" parallel="tests">
  <test name="Test">
  <parameter name="browser" value="chrome"></parameter>
    <classes>
    	<class name="com.cg.testcase.TestBase"/>
      <class name="com.cg.testcase.SwagLabsTestCase"/>
    </classes>
  </test> <!-- Test -->
  <!-- <test name="Test2">
  <parameter name="browser" value="firefox"></parameter>
    <classes>
    	<class name="com.cg.testcase.TestBase"/>
      <class name="com.cg.testcase.SwagLabsTestCase"/>
    </classes>
  </test> Test -->
</suite> <!-- Suite -->
